County,Chemical,Total Transfers,Total Releases
Adams,Certain glycol ethers,0.0,11862.0
Adams,Chromium,0.0,4.41
Adams,Copper,250.0,273.1
Adams,Diisocyanates,0.0,0.0
Adams,Ethylene glycol,0.0,0.0
Adams,Lead,0.0,147.79
Adams,Manganese,0.0,2.78
Adams,Nickel,0.0,4766.25
Adams,Styrene,0.0,105918.0
Adams,Toluene,0.0,20499.0
Adams,n-Hexane,0.0,306186.4
Allen,"1,2,4-Trimethylbenzene",0.0,395711.0
Allen,Certain glycol ethers,0.0,10000.0
Allen,Chromium,2.132,5074.624
Allen,Copper,29.07,8340.07
Allen,Diisocyanates,0.0,18592.17
Allen,Ethylbenzene,0.0,19198.0
Allen,Ethylene glycol,4335.56,349.02500000000003
Allen,"Hydrochloric acid (acid aerosols including mists, vapors, gas, fog, and other airborne forms of any particle size)",0.0,25456.0
Allen,Lead,1.61,377.851
Allen,Lead  And Lead Compounds,0.6699999999999999,19309.07
Allen,Manganese,0.0,740.1600000000001
Allen,Manganese compounds,0.0,0.0
Allen,Methanol,0.0,12717.0
Allen,Naphthalene,0.0,1190.0
Allen,Nickel,29.722,9873.362
Allen,Nitrate compounds (water dissociable; reportable only when in aqueous solution),140641.69,14064.169000000002
Allen,Nitric acid,59273.37,59283.37
Allen,Polycyclic aromatic compounds,0.0,1.43
Allen,Styrene,0.0,367521.29
Allen,Toluene,0.0,15100.0
Allen,Xylene (mixed isomers),0.0,93229.0
Allen,Zinc compounds,1004.56,63525.26
Allen,n-Hexane,0.0,1327.0
Bartholomew,Chromium,0.10099999999999999,10718.079
Bartholomew,Copper,15.161,42729.632
Bartholomew,Ethylene glycol,0.0,0.0
Bartholomew,Lead,24.529,44.308
Bartholomew,Lead  And Lead Compounds,0.0,17720.5
Bartholomew,Manganese,6.646,1533.663
Bartholomew,Manganese compounds,0.0,0.16
Bartholomew,Nickel,22.511000000000003,1355.886
Bartholomew,Nitrate compounds (water dissociable; reportable only when in aqueous solution),130856.87,13085.687
Bartholomew,Nitric acid,40.0,790.0
Bartholomew,Zinc compounds,203.14,184530.03
Blackford,Ammonia,74.34,260.74
Blackford,Ethylbenzene,0.0,196.0
Blackford,Toluene,0.0,10382.0
Blackford,Xylene (mixed isomers),0.0,930.0
Blackford,Zinc compounds,0.0,3645.428
Boone,Chromium,0.0,0.0
Boone,Copper,21.51,21.51
Boone,Lead,0.0,0.219
Boone,Manganese,0.0,13.0
Boone,Methanol,0.0,75400.0
Boone,Nickel,0.0,0.0
Boone,Nitric acid,0.0,0.0
Carroll,Ammonia,0.0,4124.0
Carroll,Certain glycol ethers,0.0,0.0
Cass,Ammonia,63203.0,53820.0
Cass,Chromium,15.2,688.2
Cass,Copper,0.0,259.28
Cass,Ethylbenzene,0.0,119.0
Cass,Ethylene glycol,0.0,0.0
Cass,"Hydrochloric acid (acid aerosols including mists, vapors, gas, fog, and other airborne forms of any particle size)",0.0,24951.12
Cass,Lead,0.0,19.97
Cass,Lead compounds,0.0,33893.968
Cass,Manganese compounds,0.0,5269119.8
Cass,Methanol,0.0,1608.0
Cass,Naphthalene,0.0,31.0
Cass,Nitrate compounds (water dissociable; reportable only when in aqueous solution),91521.0,49866.0
Cass,Nitric acid,0.0,5.0
Cass,Polycyclic aromatic compounds,0.0,0.0
Cass,Styrene,0.0,57.0
Cass,Toluene,0.0,471.0
Cass,Xylene (mixed isomers),0.0,483.0
Cass,Zinc compounds,57.58,3769846.2800000003
Cass,n-Hexane,0.0,6200.0
Clark,"1,2,4-Trimethylbenzene",0.0,1122.0
Clark,Ammonia,0.0,4252.969999999999
Clark,Certain glycol ethers,0.0,346.0
Clark,Chromium,0.0,0.0
Clark,Diisocyanates,0.0,0.0
Clark,Ethylbenzene,0.0,12474.29
Clark,Lead,0.0,53.368
Clark,Manganese,0.0,1026.396
Clark,Manganese compounds,0.0,230.0
Clark,Methanol,0.0,1089.04
Clark,Naphthalene,0.0,219.0
Clark,Nickel,0.0,0.0
Clark,Nitrate compounds (water dissociable; reportable only when in aqueous solution),0.0,0.0
Clark,Toluene,0.0,14538.43
Clark,Xylene (mixed isomers),0.0,71841.39
Clark,Zinc compounds,0.0,0.0
Clay,"1,2,4-Trimethylbenzene",0.0,1032.0
Clay,Certain glycol ethers,0.0,2585.0
Clay,Chromium,0.0,0.0
Clay,Diisocyanates,0.0,0.0
Clay,Ethylbenzene,0.0,1507.0
Clay,Lead compounds,0.0,576.0
Clay,Manganese,0.0,0.0
Clay,Manganese compounds,0.0,535.335
Clay,Nickel,0.0,0.0
Clay,Polycyclic aromatic compounds,0.0,0.05
Clay,Toluene,0.0,1431.0
Clay,Xylene (mixed isomers),0.0,3737.0
Clay,Zinc compounds,0.0,25962.65
Clinton,Diisocyanates,0.0,10615.24
Clinton,Ethylene glycol,0.0,3196.703
Clinton,Lead,0.0,0.099
Clinton,Lead  And Lead Compounds,0.0,3.01
Clinton,Manganese,0.0,0.0
Clinton,Manganese compounds,0.0,0.0
Clinton,Nickel,0.0,0.0
Clinton,Nitrate compounds (water dissociable; reportable only when in aqueous solution),0.0,79000.0
Clinton,Nitric acid,0.0,19.75
Clinton,Styrene,0.0,2607.01
Clinton,Zinc compounds,0.0,0.0
Clinton,n-Hexane,47.0,390134.0
Daviess,Ethylbenzene,0.0,41.5
Daviess,Manganese compounds,0.0,0.0
Daviess,Methanol,0.0,853.0
Daviess,Toluene,0.0,77.0
Daviess,Xylene (mixed isomers),0.0,44.5
Daviess,Zinc compounds,0.0,227.0
Daviess,n-Hexane,0.0,6260.0
Dearborn,Chromium,14.8,2849.8
Dearborn,Copper,466.04,4778.04
Dearborn,Lead  And Lead Compounds,27.12,52.96
Dearborn,Manganese,0.0,2348.0
Dearborn,Nickel,50.8,262.8
Decatur,"1,2,4-Trimethylbenzene",0.0,17162.0
Decatur,Certain glycol ethers,0.0,19933.0
Decatur,Chromium,0.0,5.0
Decatur,Copper,0.0,6862.3
Decatur,Diisocyanates,0.0,0.0
Decatur,Ethylbenzene,0.0,140.0
Decatur,Ethylene glycol,0.0,300.1
Decatur,Lead,3.596,222.522
Decatur,Lead  And Lead Compounds,0.0,152.0
Decatur,Manganese,0.0,0.0
Decatur,Manganese compounds,189.0,5688.0
Decatur,Methanol,0.0,126.0
Decatur,Nickel,0.0,0.0
Decatur,Nitrate compounds (water dissociable; reportable only when in aqueous solution),195115.0,19528.7
Decatur,Nitric acid,0.0,96.88900000000001
Decatur,Polycyclic aromatic compounds,0.0,0.08
Decatur,Toluene,0.0,1111.0
Decatur,Xylene (mixed isomers),0.0,746.0
Decatur,Zinc compounds,210.0,19507.92
DeKalb,"1,2,4-Trimethylbenzene",0.0,31930.09
DeKalb,Certain glycol ethers,0.0,74441.0
DeKalb,Chromium,0.71,536.447
DeKalb,Copper,0.0,2042.0
DeKalb,Diisocyanates,0.0,1570.59
DeKalb,Ethylbenzene,0.0,4650.0
DeKalb,Ethylene glycol,220.0,1261.53
DeKalb,"Hydrochloric acid (acid aerosols including mists, vapors, gas, fog, and other airborne forms of any particle size)",0.0,69.037
DeKalb,Lead,0.04,4339.173
DeKalb,Lead  And Lead Compounds,0.0,0.011
DeKalb,Lead compounds,0.0,13241.19
DeKalb,Manganese,41.6,4158.325
DeKalb,Manganese compounds,0.0,269986.0
DeKalb,Naphthalene,0.0,6616.0
DeKalb,Nickel,13.43,766.772
DeKalb,Nitrate compounds (water dissociable; reportable only when in aqueous solution),0.0,0.0
DeKalb,Nitric acid,0.0,0.0
DeKalb,Styrene,0.0,105142.0
DeKalb,Toluene,0.0,68599.0
DeKalb,Xylene (mixed isomers),0.0,53556.0
DeKalb,Zinc compounds,442.02,233596.08000000002
Delaware,"1,2,4-Trimethylbenzene",0.0,4.0
Delaware,Certain glycol ethers,0.0,0.0
Delaware,Chromium,1.18,4494.91
Delaware,Copper,6.86,88.22
Delaware,Diisocyanates,0.0,0.0
Delaware,Ethylbenzene,0.0,29.0
Delaware,Ethylene glycol,0.0,0.0
Delaware,Lead,0.93,2.707
Delaware,Lead  And Lead Compounds,57.398,920115.065
Delaware,Manganese,90.82,271.62
Delaware,Naphthalene,0.0,4.0
Delaware,Nickel,0.44,7292.32
Delaware,Polycyclic aromatic compounds,0.0,0.0
Delaware,Styrene,0.0,23560.0
Delaware,Toluene,0.0,370.0
Delaware,Xylene (mixed isomers),0.0,152.0
Delaware,Zinc compounds,0.0,1546.05
Delaware,n-Hexane,0.0,450.0
Dubois,Chromium,0.0,0.0
Dubois,Copper,0.0,0.0
Dubois,Diisocyanates,0.0,0.0
Dubois,Ethylbenzene,0.0,17765.81
Dubois,Nitrate compounds (water dissociable; reportable only when in aqueous solution),0.0,0.0
Dubois,Nitric acid,0.0,0.0
Dubois,Toluene,0.0,36618.11
Dubois,Xylene (mixed isomers),0.0,86024.16
Elkhart,"1,2,4-Trimethylbenzene",0.0,6585.95
Elkhart,Certain glycol ethers,139.0,32863.43
Elkhart,Chromium,18.465,128083.498
Elkhart,Copper,104.85000000000001,8964.396
Elkhart,Diisocyanates,0.0,15.54
Elkhart,Ethylbenzene,0.0,13009.2
Elkhart,Ethylene glycol,0.0,0.0
Elkhart,Lead,27.603,117.047
Elkhart,Lead  And Lead Compounds,0.0,0.0
Elkhart,Lead compounds,6.29,242.29
Elkhart,Manganese,0.0,56950.494999999995
Elkhart,Methanol,0.0,25389.0
Elkhart,Naphthalene,0.0,70.05
Elkhart,Nickel,41.886,11461.507000000001
Elkhart,Nitrate compounds (water dissociable; reportable only when in aqueous solution),140762.2,14076.2
Elkhart,Nitric acid,0.0,1504.04
Elkhart,Styrene,0.0,870957.1799999999
Elkhart,Toluene,0.0,134466.0
Elkhart,Xylene (mixed isomers),0.0,117135.45999999999
Elkhart,Zinc compounds,52.0,646173.28
Elkhart,n-Hexane,0.0,8118.0
Fayette,"1,2,4-Trimethylbenzene",0.0,1046.0
Fayette,Certain glycol ethers,0.0,2526.0
Fayette,Ethylbenzene,0.0,1550.0
Fayette,Lead,0.0,0.04
Fayette,Lead compounds,0.0,16290.36
Fayette,Methanol,0.0,2234.0
Fayette,Naphthalene,0.0,256.95
Fayette,Nickel,0.0,56.1
Fayette,Styrene,0.0,314.0
Fayette,Toluene,0.0,2962.0
Fayette,Xylene (mixed isomers),0.0,8676.0
Fayette,n-Hexane,0.0,103.83
Floyd,Copper,133.7,144.4
Floyd,Lead,2.7,6.3
Floyd,Lead  And Lead Compounds,0.0,0.08
Floyd,Manganese compounds,0.0,1.36
Floyd,Nickel,82.3,99.0
Floyd,Nitrate compounds (water dissociable; reportable only when in aqueous solution),74766.0,7736.6
Floyd,Nitric acid,5.0,105.0
Floyd,Zinc compounds,0.0,0.0
Fountain,Chromium,5.0,11190.01
Fountain,Diisocyanates,0.0,15.6
Fountain,Ethylbenzene,0.0,8082.0
Fountain,Lead,5.0,439.461
Fountain,Lead  And Lead Compounds,0.274,866.091
Fountain,Lead compounds,11.5,11.5
Fountain,Manganese,5.0,10365.18
Fountain,Naphthalene,0.0,19461.55
Fountain,Nickel,5.0,8987.0
Fountain,Toluene,0.0,5292.4
Fountain,Xylene (mixed isomers),0.0,61928.0
Fountain,Zinc compounds,19.6,53.7
Franklin,Ethylene glycol,0.0,213.0
Franklin,Lead compounds,0.0,78.08
Franklin,Polycyclic aromatic compounds,0.0,69.472
Fulton,Copper,0.0,11818.17
Fulton,Diisocyanates,0.0,32.64
Fulton,Lead,0.0,70.27
Fulton,Manganese,0.0,4946.11
Fulton,Styrene,0.0,101481.61
Gibson,"1,2,4-Trimethylbenzene",0.0,62661.0
Gibson,Ammonia,0.0,3200.0
Gibson,Certain glycol ethers,0.0,5849.0
Gibson,Chromium,9.0,568.0
Gibson,Copper,0.0,0.844
Gibson,Diisocyanates,0.0,400.975
Gibson,Ethylbenzene,0.0,3221.0
Gibson,Ethylene glycol,0.0,65.0
Gibson,"Hydrochloric acid (acid aerosols including mists, vapors, gas, fog, and other airborne forms of any particle size)",0.0,160000.0
Gibson,Lead,0.0,0.05
Gibson,Lead  And Lead Compounds,0.0,110162.6
Gibson,Lead compounds,20.0,964.2
Gibson,Manganese compounds,87.0,697.0
Gibson,Methanol,0.0,15701.0
Gibson,Naphthalene,0.0,1256.0
Gibson,Nitrate compounds (water dissociable; reportable only when in aqueous solution),98713.0,12995.3
Gibson,Nitric acid,172061.0,0.0
Gibson,Polycyclic aromatic compounds,0.0,6.5
Gibson,Toluene,0.0,4321.0
Gibson,Xylene (mixed isomers),0.0,17754.0
Gibson,Zinc compounds,185.0,397383.0
Grant,Ammonia,0.0,0.0
Grant,Chromium,0.0,33.5
Grant,Copper,6.95,39.95
Grant,Diisocyanates,0.0,0.0
Grant,Ethylbenzene,0.0,3485.462
Grant,Ethylene glycol,0.0,590.961
Grant,Lead,0.0,116.77
Grant,Lead compounds,0.94,5203.18
Grant,Manganese,0.0,449.06
Grant,Methanol,0.0,7893.174
Grant,Nickel,0.0,28.380000000000003
Grant,Toluene,0.0,44206.09
Grant,Xylene (mixed isomers),0.0,22625.637
Grant,Zinc compounds,26.26,6315.26
Greene,Nitrate compounds (water dissociable; reportable only when in aqueous solution),0.0,8291.0
Hamilton,"1,2,4-Trimethylbenzene",0.0,48.0
Hamilton,Certain glycol ethers,0.0,0.0
Hamilton,Chromium,0.0,13.0
Hamilton,Diisocyanates,0.0,0.0
Hamilton,Ethylbenzene,0.0,58.0
Hamilton,Ethylene glycol,0.0,0.0
Hamilton,Lead,0.05,50.05
Hamilton,Lead  And Lead Compounds,0.0,0.026
Hamilton,Manganese,0.0,280.0
Hamilton,Methanol,0.0,0.0
Hamilton,Naphthalene,0.0,0.0
Hamilton,Nickel,0.0,6.0
Hamilton,Nitric acid,0.0,0.0
Hamilton,Styrene,0.0,17337.0
Hamilton,Toluene,0.0,385.0
Hamilton,Xylene (mixed isomers),0.0,232.0
Hamilton,Zinc compounds,5.0,4804.99
Hamilton,n-Hexane,0.0,627.0
Hancock,"1,2,4-Trimethylbenzene",0.0,1516.0
Hancock,Certain glycol ethers,0.0,7335.0
Hancock,Chromium,0.0,79461.13
Hancock,Copper,0.55,112.65
Hancock,Lead,0.44,1.1019999999999999
Hancock,Naphthalene,0.0,752.0
Hancock,Nickel,1.16,64463.43
Hancock,Nitrate compounds (water dissociable; reportable only when in aqueous solution),0.0,0.0
Hancock,Nitric acid,0.0,0.0
Hancock,Styrene,0.0,257590.0
Hancock,Toluene,0.0,472.0
Hancock,Xylene (mixed isomers),0.0,1041.0
Hancock,Zinc compounds,5.0,5.0
Harrison,"1,2,4-Trimethylbenzene",0.0,43.0
Hendricks,Ammonia,0.0,0.0
Hendricks,Chromium,0.0,87.547
Hendricks,Lead,0.0,2.821
Hendricks,Lead compounds,6.39,1098.016
Hendricks,Manganese,0.0,768.173
Hendricks,Manganese compounds,0.0,6157.0
Hendricks,Nitric acid,0.0,0.0
Hendricks,Toluene,0.0,0.0
Hendricks,Zinc compounds,132.0,37125.0
Henry,Ammonia,0.0,0.0
Henry,Chromium,28.0,5518.0
Henry,Copper,0.0,2026.71
Henry,Diisocyanates,0.0,2.58
Henry,Lead,0.0,2806.01
Henry,Manganese,1.0,654.0
Henry,Nickel,24.0,6756.0
Henry,Nitrate compounds (water dissociable; reportable only when in aqueous solution),7448.0,744.8
Henry,Nitric acid,0.0,1.0
Howard,Ammonia,0.0,3059.8199999999997
Howard,Chromium,0.56,1288.72
Howard,Copper,23.96,5747.700000000001
Howard,Lead,10.767999999999999,223.75799999999998
Howard,Manganese,6.0,1693.94
Howard,Nickel,79.58800000000001,14605.714
Howard,Nitric acid,0.0,416.1
Huntington,"1,2,4-Trimethylbenzene",0.0,0.0
Huntington,Ammonia,0.0,0.0
Huntington,Certain glycol ethers,89.7,16.2
Huntington,Copper,0.0,924.865
Huntington,Ethylbenzene,0.0,222.0
Huntington,Lead,0.0,3.07
Huntington,Lead  And Lead Compounds,0.0,8.784
Huntington,Lead compounds,0.09,0.122
Huntington,Manganese,2.0,29.0
Huntington,Manganese compounds,0.0,0.0
Huntington,Naphthalene,0.0,0.0
Huntington,Nickel,0.2,10.2
Huntington,Nitrate compounds (water dissociable; reportable only when in aqueous solution),57292.0,5729.2
Huntington,Nitric acid,0.0,10.0
Huntington,Styrene,0.0,36181.58
Huntington,Toluene,0.0,740.0
Huntington,Xylene (mixed isomers),0.0,222.0
Huntington,n-Hexane,0.0,124.0
Jackson,Ammonia,0.0,1250.0
Jackson,Certain glycol ethers,0.0,787.09
Jackson,Chromium,1.35,10.546999999999999
Jackson,Copper,1.57,3873167.34
Jackson,Diisocyanates,0.0,0.0
Jackson,"Hydrochloric acid (acid aerosols including mists, vapors, gas, fog, and other airborne forms of any particle size)",0.0,3347.0
Jackson,Lead,0.0,0.0
Jackson,Manganese,9.0,4313.710999999999
Jackson,Methanol,0.0,1166.25
Jackson,Nickel,3.13,5.28
Jackson,Nitrate compounds (water dissociable; reportable only when in aqueous solution),10085.0,5154.5
Jackson,Toluene,0.0,10506.74
Jackson,Zinc compounds,20.33,10300.33
Jackson,n-Hexane,0.0,129982.25
Jasper,Chromium,0.0,0.067
Jasper,Copper,0.0,0.0
Jasper,Ethylbenzene,0.0,0.0
Jasper,"Hydrochloric acid (acid aerosols including mists, vapors, gas, fog, and other airborne forms of any particle size)",0.0,51137.0
Jasper,Lead,0.0,0.049
Jasper,Lead compounds,0.0,31463.506
Jasper,Manganese,0.0,21.3
Jasper,Manganese compounds,0.0,79402.0
Jasper,Methanol,0.0,1289.0
Jasper,Nickel,0.0,0.67
Jasper,Nitrate compounds (water dissociable; reportable only when in aqueous solution),0.0,0.0
Jasper,Nitric acid,0.0,0.0
Jasper,Toluene,0.0,0.0
Jasper,Xylene (mixed isomers),0.0,0.0
Jasper,Zinc compounds,0.0,114637.78
Jasper,n-Hexane,0.0,3196.0
Jay,Chromium,5.0,10.0
Jay,Copper,0.129,144.299
Jay,Lead,0.001,2.532
Jay,Lead  And Lead Compounds,0.0,374.328
Jay,Manganese,9.0,19.0
Jay,Nickel,5.0,11.0
Jay,n-Hexane,0.0,4330.0
Jefferson,"1,2,4-Trimethylbenzene",0.0,5688.0
Jefferson,Certain glycol ethers,0.0,41808.33
Jefferson,Chromium,0.3,555.41
Jefferson,Copper,1.47,784.33
Jefferson,"Hydrochloric acid (acid aerosols including mists, vapors, gas, fog, and other airborne forms of any particle size)",0.0,101297.0
Jefferson,Lead,0.0,7.7
Jefferson,Lead  And Lead Compounds,0.0,17320.0
Jefferson,Manganese,2.32,343.6
Jefferson,Manganese compounds,0.0,1016.68
Jefferson,Nickel,0.29,26.82
Jefferson,Nitric acid,0.0,0.0
Jefferson,Polycyclic aromatic compounds,0.0,3.0
Jefferson,Zinc compounds,0.0,43680.0
Jennings,Certain glycol ethers,0.0,13110.01
Jennings,Chromium,0.0,0.0
Jennings,Copper,2.75,4319.26
Jennings,Ethylene glycol,0.0,0.0
Jennings,Lead,0.0,0.0
Jennings,Lead compounds,0.0,76.93
Jennings,Manganese,0.0,0.0
Jennings,Polycyclic aromatic compounds,0.0,0.12
Jennings,Styrene,0.0,7183.16
Johnson,"1,2,4-Trimethylbenzene",0.0,3761.0
Johnson,Certain glycol ethers,0.0,146.0
Johnson,Chromium,0.004,5529.004
Johnson,Copper,0.0,352.0
Johnson,Diisocyanates,0.0,16898.033
Johnson,Ethylbenzene,0.0,657.0
Johnson,Ethylene glycol,0.0,289.9
Johnson,Lead  And Lead Compounds,0.0,1033.42
Johnson,Manganese,0.0,2683.0
Johnson,Nickel,0.01,7108.01
Johnson,Nitrate compounds (water dissociable; reportable only when in aqueous solution),12517.0,12517.0
Johnson,Nitric acid,2.0,3.76
Johnson,Polycyclic aromatic compounds,0.0,5.5
Johnson,Xylene (mixed isomers),0.0,2627.0
Knox,Ammonia,0.0,225408.0
Knox,Copper,0.0,88250.4
Knox,"Hydrochloric acid (acid aerosols including mists, vapors, gas, fog, and other airborne forms of any particle size)",0.0,778.0
Knox,Lead,0.0,253.65
Knox,Lead  And Lead Compounds,0.0,27555.41
Knox,Manganese,0.0,92768.54599999999
Knox,Polycyclic aromatic compounds,0.0,0.5
Knox,Zinc compounds,0.0,91515.0
Kosciusko,Certain glycol ethers,0.0,0.0
Kosciusko,Chromium,11.397,119.63300000000001
Kosciusko,Copper,4.27,2349.407
Kosciusko,Diisocyanates,0.0,15.0
Kosciusko,Lead,2.19,40.661
Kosciusko,Manganese,0.241,12.239
Kosciusko,Manganese compounds,0.3,1766.01
Kosciusko,Methanol,0.0,5634.0
Kosciusko,Nickel,60.108999999999995,246.67399999999998
Kosciusko,Nitrate compounds (water dissociable; reportable only when in aqueous solution),56959.0,5443.5
Kosciusko,Nitric acid,12301.0,14755.0
Kosciusko,Styrene,0.0,264186.0
Kosciusko,Toluene,0.0,76095.0
Kosciusko,Xylene (mixed isomers),0.0,6.0
Kosciusko,Zinc compounds,0.0,38.0
Kosciusko,n-Hexane,0.0,706032.0
LaGrange,Certain glycol ethers,0.0,674.74
LaGrange,Chromium,0.0,251.0
LaGrange,Copper,0.0,0.0
LaGrange,Diisocyanates,0.0,0.0
LaGrange,Lead,0.0,8.0
LaGrange,Manganese,0.0,58.0
LaGrange,Nickel,0.0,26.0
LaGrange,Nitrate compounds (water dissociable; reportable only when in aqueous solution),0.0,24928.0
LaGrange,Nitric acid,0.0,1.0
LaGrange,Toluene,0.0,891.93
LaGrange,Zinc compounds,3.47,5351.48
Lake,"1,2,4-Trimethylbenzene",0.0,20157.98
Lake,Ammonia,928.0,521049.2
Lake,Certain glycol ethers,0.0,9094.253
Lake,Chromium,1.2,111252.2
Lake,Copper,0.0,0.0
Lake,Diisocyanates,0.0,48304.0
Lake,Ethylbenzene,0.0,20687.0
Lake,Ethylene glycol,0.0,1075178.71
Lake,"Hydrochloric acid (acid aerosols including mists, vapors, gas, fog, and other airborne forms of any particle size)",0.0,235235.09999999998
Lake,Lead,0.0,7535.400000000001
Lake,Lead  And Lead Compounds,145.853,502076.123
Lake,Lead compounds,3.62,394.48
Lake,Manganese,0.0,12242.3
Lake,Manganese compounds,0.0,754.23
Lake,Methanol,12593.0,19010.84
Lake,Naphthalene,0.0,11328.022
Lake,Nickel,0.0,1.0
Lake,Nitrate compounds (water dissociable; reportable only when in aqueous solution),24102.0,1459488.24
Lake,Nitric acid,0.0,93.9
Lake,Polycyclic aromatic compounds,0.0,6718.422
Lake,Styrene,0.0,15075.0
Lake,Toluene,0.0,105784.50899999999
Lake,Xylene (mixed isomers),767.0,106895.816
Lake,Zinc compounds,71.77,7703858.57
Lake,n-Hexane,0.0,140515.092
LaPorte,"1,2,4-Trimethylbenzene",0.0,12333.0
LaPorte,Ammonia,0.0,2597.42
LaPorte,Certain glycol ethers,0.0,14378.0
LaPorte,Chromium,36.26,467.466
LaPorte,Copper,1.33,229.47
LaPorte,Diisocyanates,0.0,0.0
LaPorte,Ethylene glycol,0.0,0.0
LaPorte,"Hydrochloric acid (acid aerosols including mists, vapors, gas, fog, and other airborne forms of any particle size)",0.0,191.0
LaPorte,Lead,0.0,0.0
LaPorte,Lead compounds,0.0,10234.871
LaPorte,Manganese,0.0,1806.34
LaPorte,Manganese compounds,0.0,25895.0
LaPorte,Methanol,0.0,44805.0
LaPorte,Nickel,59.0,624.4
LaPorte,Nitrate compounds (water dissociable; reportable only when in aqueous solution),12490.0,1249.0
LaPorte,Nitric acid,0.0,457.007
LaPorte,Polycyclic aromatic compounds,0.0,5542.153
LaPorte,Xylene (mixed isomers),0.0,6088.0
LaPorte,Zinc compounds,67.0,38279.006
LaPorte,n-Hexane,0.0,0.0
Lawrence,Ammonia,0.0,12993.0
Lawrence,Copper,0.0,350.31
Lawrence,Lead,0.0,61.369
Lawrence,Lead  And Lead Compounds,0.0,413.0
Lawrence,Manganese compounds,0.0,1004.0
Lawrence,Nickel,0.0,13.0
Madison,Ammonia,0.0,0.0
Madison,Chromium,0.0,4.9
Madison,Copper,4.28,4.56
Madison,Lead compounds,0.0,275.65
Madison,Manganese,0.0,0.28
Madison,Nickel,0.0,0.28
Madison,Nitrate compounds (water dissociable; reportable only when in aqueous solution),7060.0,2.2
Madison,Nitric acid,0.0,505.0
Madison,Toluene,0.0,705.0
Madison,Zinc compounds,0.0,0.0
Madison,n-Hexane,0.0,3512.0
Marion,"1,2,4-Trimethylbenzene",0.0,216.0
Marion,Ammonia,20095.73,22111.0
Marion,Certain glycol ethers,1563.509,2709.749
Marion,Chromium,49.65,701183.9
Marion,Copper,52.22,837027.63
Marion,Diisocyanates,0.0,13456.12
Marion,Ethylbenzene,1.0,768.0
Marion,Ethylene glycol,0.0,560.0
Marion,Lead,5.6,766481.512
Marion,Lead  And Lead Compounds,84.75,1681259.25
Marion,Lead compounds,9.5,9.513
Marion,Manganese,110.68,117603.48
Marion,Manganese compounds,5.0,25.0
Marion,Methanol,39134.0,8850.72
Marion,Naphthalene,0.0,165.0
Marion,Nickel,77.95,1397076.1099999999
Marion,Nitrate compounds (water dissociable; reportable only when in aqueous solution),125884.14,41738.54
Marion,Nitric acid,203997.29,667.442
Marion,Polycyclic aromatic compounds,0.0,332.775
Marion,Styrene,993.0,6128.95
Marion,Toluene,32.0,39866.08
Marion,Xylene (mixed isomers),488.0,35406.19
Marion,Zinc compounds,72.844,936720.4
Marion,n-Hexane,0.0,8409.0
Marshall,Certain glycol ethers,0.0,5371.0
Marshall,Chromium,0.0,0.0
Marshall,Copper,72.0,7590.0
Marshall,Diisocyanates,0.0,36305.2
Marshall,Ethylbenzene,0.0,8046.0
Marshall,Lead,0.0,8.052
Marshall,Lead  And Lead Compounds,0.213,1793.093
Marshall,Manganese,0.0,250.0
Marshall,Nickel,0.0,0.0
Marshall,Nitrate compounds (water dissociable; reportable only when in aqueous solution),31201.0,3120.1
Marshall,Nitric acid,5750.0,0.0
Marshall,Polycyclic aromatic compounds,0.0,35.0
Marshall,Styrene,0.0,1006091.1699999999
Marshall,Toluene,0.0,32738.705
Marshall,Xylene (mixed isomers),0.0,50117.44
Marshall,Zinc compounds,282.0,14389.66
Martin,Ammonia,0.0,24.942
Martin,Lead  And Lead Compounds,0.0,2535.02
Martin,Lead compounds,0.0,58.35
Miami,Naphthalene,0.0,0.0
Miami,Xylene (mixed isomers),0.0,13.0
Monroe,Ethylene glycol,0.0,0.0
Monroe,Nitric acid,0.0,10.0
Montgomery,Ammonia,2.0,0.8
Montgomery,Certain glycol ethers,0.0,6277.0
Montgomery,Copper,2.23,5.509
Montgomery,Ethylbenzene,0.0,3921.0
Montgomery,"Hydrochloric acid (acid aerosols including mists, vapors, gas, fog, and other airborne forms of any particle size)",0.0,12287.62
Montgomery,Lead,7.69,750.01
Montgomery,Lead  And Lead Compounds,0.0,3489.922
Montgomery,Manganese,0.0,0.0
Montgomery,Methanol,0.0,2194.67
Montgomery,Naphthalene,0.0,2024.0
Montgomery,Nitric acid,0.0,365.0
Montgomery,Xylene (mixed isomers),0.0,19572.0
Montgomery,Zinc compounds,0.0,635916.62
Montgomery,n-Hexane,0.0,7066.0
Morgan,Certain glycol ethers,59353.0,5198.0
Morgan,Ethylene glycol,0.0,490.0
Morgan,Lead compounds,0.0,1.0
Morgan,Manganese,19.0,105.13
Morgan,Nickel,5.6,44.6
Noble,"1,2,4-Trimethylbenzene",0.0,27399.48
Noble,Certain glycol ethers,0.0,20834.0
Noble,Chromium,0.4,786.5999999999999
Noble,Copper,10.74,46168.04
Noble,Diisocyanates,0.0,0.0
Noble,Lead,6.3999999999999995,31.631
Noble,Manganese,1.71,533.21
Noble,Methanol,0.0,35593.2
Noble,Nickel,1.71,1078.92
Noble,Styrene,0.0,212654.0
Noble,Toluene,0.0,947.0
Noble,Xylene (mixed isomers),0.0,39582.26
Noble,Zinc compounds,0.0,0.0
Orange,Styrene,0.0,2760.0
Parke,Lead,0.0,11.68
Perry,Chromium,0.0,0.0
Perry,Diisocyanates,0.0,15.0
Perry,Lead compounds,0.0,43418.0
Perry,Manganese compounds,0.0,441044.0
Perry,Methanol,0.0,21201.0
Perry,Nickel,0.0,6313.0
Perry,Toluene,0.0,50169.0
Perry,Xylene (mixed isomers),0.0,27913.0
Perry,Zinc compounds,0.0,1794721.0
Pike,Ammonia,0.0,852.78
Pike,"Hydrochloric acid (acid aerosols including mists, vapors, gas, fog, and other airborne forms of any particle size)",0.0,82163.0
Pike,Lead  And Lead Compounds,0.0,484.94
Pike,Naphthalene,0.0,0.0
Pike,Polycyclic aromatic compounds,0.0,13.4
Pike,Zinc compounds,0.0,3243.12
Porter,"1,2,4-Trimethylbenzene",0.0,7726.0
Porter,Ammonia,427.5,389239.82
Porter,Certain glycol ethers,0.0,27936.0
Porter,Chromium,0.86,17161.88
Porter,Copper,2.353,10229.623
Porter,Ethylbenzene,0.0,1560.161
Porter,Ethylene glycol,0.0,9.092
Porter,"Hydrochloric acid (acid aerosols including mists, vapors, gas, fog, and other airborne forms of any particle size)",0.0,31162.0
Porter,Lead,0.03,1296.723
Porter,Lead  And Lead Compounds,0.0,79238.5
Porter,Lead compounds,0.0,0.151
Porter,Manganese,4.61,13383.03
Porter,Manganese compounds,0.0,151.71
Porter,Methanol,0.0,37553.977
Porter,Naphthalene,0.0,22290.0
Porter,Nickel,1.736,4138.276
Porter,Nitrate compounds (water dissociable; reportable only when in aqueous solution),0.0,4455.0
Porter,Polycyclic aromatic compounds,0.0,4081.0
Porter,Styrene,0.0,9011.151
Porter,Toluene,0.0,9802.61
Porter,Xylene (mixed isomers),0.0,5270.0
Porter,Zinc compounds,24.973,2491939.439
Porter,n-Hexane,0.0,0.0
Posey,"1,2,4-Trimethylbenzene",0.0,628.0
Posey,Ammonia,0.0,19669.0
Posey,Certain glycol ethers,0.0,1001.0
Posey,Chromium,0.0,414.0
Posey,Ethylbenzene,0.0,7023.0
Posey,Ethylene glycol,0.0,1503.0
Posey,"Hydrochloric acid (acid aerosols including mists, vapors, gas, fog, and other airborne forms of any particle size)",0.0,35774.0
Posey,Lead compounds,0.0,8315.921999999999
Posey,Manganese compounds,0.0,29995.2
Posey,Methanol,0.0,61866.0
Posey,Naphthalene,0.0,110.95
Posey,Nickel,0.0,1708.0
Posey,Nitrate compounds (water dissociable; reportable only when in aqueous solution),0.0,1428038.0
Posey,Nitric acid,0.0,0.0
Posey,Polycyclic aromatic compounds,0.0,5607.574
Posey,Styrene,0.0,93.0
Posey,Toluene,0.0,59966.0
Posey,Xylene (mixed isomers),0.0,2118.0
Posey,Zinc compounds,0.0,41972.0
Posey,n-Hexane,0.0,527201.0
Pulaski,Chromium,0.29,6.302
Pulaski,Nitrate compounds (water dissociable; reportable only when in aqueous solution),1630.1,163.01
Pulaski,Zinc compounds,5.16,3496.16
Putnam,"1,2,4-Trimethylbenzene",0.0,130.0
Putnam,Certain glycol ethers,0.0,132.0
Putnam,Diisocyanates,0.0,15263.0
Putnam,Ethylbenzene,0.0,232.0
Putnam,Ethylene glycol,0.0,40.0
Putnam,Lead  And Lead Compounds,0.0,8347.4
Putnam,Methanol,0.0,185.0
Putnam,Naphthalene,0.0,160.0
Putnam,Polycyclic aromatic compounds,0.0,391.4
Putnam,Styrene,0.0,186.0
Putnam,Toluene,0.0,755.0
Putnam,Xylene (mixed isomers),0.0,2565.0
Putnam,Zinc compounds,0.0,7318.0
Putnam,n-Hexane,0.0,2634.0
Randolph,Chromium,0.0,10.0
Randolph,Copper,0.0,10.0
Randolph,Lead  And Lead Compounds,0.0,1150.12
Randolph,Manganese,0.0,10.0
Randolph,Methanol,0.0,1855.85
Randolph,Nickel,0.0,15.0
Randolph,n-Hexane,0.0,5920.71
Ripley,"1,2,4-Trimethylbenzene",0.0,38813.27
Ripley,Chromium,0.0,0.62
Ripley,Copper,8.35,112.39999999999999
Ripley,Lead,2.2,773.9
Ripley,Lead compounds,0.0,29.4
Ripley,Manganese,10.0,115.49
Ripley,Nickel,0.0,0.52
Ripley,Polycyclic aromatic compounds,0.0,0.1
Ripley,Zinc compounds,60.0,16310.0
Rush,Copper,0.0,0.0
Rush,Lead,0.0,112.834
Rush,Manganese,0.0,4916.714
Scott,Polycyclic aromatic compounds,0.0,0.03
Scott,Toluene,0.0,2387.0
Scott,Zinc compounds,0.0,8.3
Shelby,Ammonia,58.3,374381.48
Shelby,Chromium,0.4,316.72
Shelby,Copper,6.9,10334.79
Shelby,Diisocyanates,0.0,310.0
Shelby,Ethylbenzene,0.0,2599.0
Shelby,Lead,0.4,293.44
Shelby,Manganese,2.1,743.06
Shelby,Methanol,0.0,50658.0
Shelby,Nickel,2.1,1467.3000000000002
Shelby,Polycyclic aromatic compounds,0.0,0.03
Shelby,Styrene,0.0,115561.0
Shelby,Xylene (mixed isomers),0.0,4036.0
Shelby,Zinc compounds,0.0,528.431
Shelby,n-Hexane,2.09,682288.396
Spencer,Ammonia,0.0,12365.0
Spencer,Chromium,0.0,460472.8
Spencer,"Hydrochloric acid (acid aerosols including mists, vapors, gas, fog, and other airborne forms of any particle size)",0.0,26308.0
Spencer,Lead,0.0,23.9
Spencer,Lead compounds,0.0,10026.5
Spencer,Manganese,0.0,593.97
Spencer,Manganese compounds,0.0,52499.0
Spencer,Nickel,0.0,197334.0
Spencer,Nitrate compounds (water dissociable; reportable only when in aqueous solution),0.0,7322156.0
Spencer,Nitric acid,0.0,460.0
Spencer,Polycyclic aromatic compounds,0.0,1.7
Spencer,Zinc compounds,0.0,29727.0
St. Joseph,"1,2,4-Trimethylbenzene",0.0,5414.0
St. Joseph,Certain glycol ethers,874.0,6735.92
St. Joseph,Chromium,15.17,46.977
St. Joseph,Copper,0.229,195.656
St. Joseph,Diisocyanates,0.0,0.0
St. Joseph,Ethylbenzene,0.0,1694.0
St. Joseph,Ethylene glycol,0.0,1419.0
St. Joseph,"Hydrochloric acid (acid aerosols including mists, vapors, gas, fog, and other airborne forms of any particle size)",0.0,1639.64
St. Joseph,Lead,2.6719999999999997,13.691
St. Joseph,Lead compounds,40.71,626.56
St. Joseph,Manganese,73.3,866.025
St. Joseph,Manganese compounds,486.67999999999995,5505.67
St. Joseph,Methanol,0.0,2181.94
St. Joseph,Naphthalene,0.0,1473.0
St. Joseph,Nickel,29.97,42.9
St. Joseph,Nitrate compounds (water dissociable; reportable only when in aqueous solution),20389.0,20389.0
St. Joseph,Nitric acid,0.0,940.4
St. Joseph,Styrene,0.0,114222.0
St. Joseph,Xylene (mixed isomers),0.0,4180.0
St. Joseph,Zinc compounds,1401.08,189538.31
Starke,Chromium,0.0,20.0
Starke,Copper,0.0,116.0
Starke,Manganese,0.0,338.0
Starke,Nickel,0.0,133.0
Steuben,"1,2,4-Trimethylbenzene",0.0,620.0
Steuben,Chromium,0.0,19.0
Steuben,Copper,0.0,45.595
Steuben,Lead,0.0,23.401
Steuben,Manganese,0.0,85.8
Steuben,Naphthalene,0.0,371.7
Steuben,Nickel,0.0,14.0
Steuben,Polycyclic aromatic compounds,0.0,39.899
Steuben,Xylene (mixed isomers),0.0,74609.0
Steuben,Zinc compounds,0.0,15814.187
Sullivan,Ammonia,0.0,48715.9
Sullivan,"Hydrochloric acid (acid aerosols including mists, vapors, gas, fog, and other airborne forms of any particle size)",0.0,124359.0
Sullivan,Lead,0.164,2.269
Sullivan,Lead  And Lead Compounds,0.0,42837.86
Sullivan,Lead compounds,0.0,172.65
Sullivan,Manganese,0.0,164.934
Sullivan,Naphthalene,0.0,0.0
Sullivan,Zinc compounds,0.0,185199.14
Tippecanoe,"1,2,4-Trimethylbenzene",5.0,119385.6
Tippecanoe,Ammonia,2589.65,42683.86
Tippecanoe,Certain glycol ethers,5.0,208415.4
Tippecanoe,Chromium,2.87,353.853
Tippecanoe,Copper,25.26,3214.45
Tippecanoe,Diisocyanates,0.0,0.0
Tippecanoe,Ethylbenzene,5.0,23786.4
Tippecanoe,Ethylene glycol,0.0,673.0
Tippecanoe,"Hydrochloric acid (acid aerosols including mists, vapors, gas, fog, and other airborne forms of any particle size)",0.0,668.29
Tippecanoe,Lead,1.58,351.80199999999996
Tippecanoe,Lead  And Lead Compounds,0.0,0.0
Tippecanoe,Lead compounds,0.0,175.6
Tippecanoe,Manganese,52.86,647.65
Tippecanoe,Manganese compounds,0.0,0.0
Tippecanoe,Methanol,10667.0,9043.36
Tippecanoe,Naphthalene,5.0,9745.5
Tippecanoe,Nickel,0.0,110.283
Tippecanoe,Nitrate compounds (water dissociable; reportable only when in aqueous solution),3779119.0,685759.8999999999
Tippecanoe,Nitric acid,0.0,0.0
Tippecanoe,Toluene,5.0,41992.7
Tippecanoe,Xylene (mixed isomers),5.0,34484.0
Tippecanoe,Zinc compounds,252.5,120002.5
Tippecanoe,n-Hexane,713.79,330983.85
Union,Certain glycol ethers,0.0,6740.0
Union,Ethylbenzene,0.0,5128.0
Union,Xylene (mixed isomers),0.0,16184.0
Vanderburgh,"1,2,4-Trimethylbenzene",0.0,5602.0
Vanderburgh,Certain glycol ethers,0.0,20240.0
Vanderburgh,Chromium,0.0,44.0
Vanderburgh,Diisocyanates,0.0,1269.0
Vanderburgh,Ethylbenzene,0.0,2020.0
Vanderburgh,Lead,1.0,17.04
Vanderburgh,Lead  And Lead Compounds,120.0,120.0
Vanderburgh,Lead compounds,0.0,0.945
Vanderburgh,Manganese compounds,0.0,0.0
Vanderburgh,Naphthalene,0.0,1334.0
Vanderburgh,Nickel,0.0,17.1
Vanderburgh,Nitrate compounds (water dissociable; reportable only when in aqueous solution),14466.2,1496.6
Vanderburgh,Nitric acid,0.0,1376.0
Vanderburgh,Polycyclic aromatic compounds,0.0,0.0
Vanderburgh,Toluene,0.0,6596.0
Vanderburgh,Xylene (mixed isomers),0.0,6358.0
Vanderburgh,Zinc compounds,750.0,3621.64
Vanderburgh,n-Hexane,0.0,630.0
Vermillion,Ammonia,0.0,13380.0
Vermillion,"Hydrochloric acid (acid aerosols including mists, vapors, gas, fog, and other airborne forms of any particle size)",0.0,85000.0
Vermillion,Lead  And Lead Compounds,0.0,35102.52
Vermillion,Lead compounds,0.0,34.862
Vermillion,Methanol,0.0,23013.0
Vermillion,Nitrate compounds (water dissociable; reportable only when in aqueous solution),0.0,113700.0
Vermillion,Polycyclic aromatic compounds,0.0,2.7
Vermillion,Zinc compounds,0.0,121368.0
Vigo,"1,2,4-Trimethylbenzene",0.0,0.0
Vigo,Ammonia,34874.79,15034.786
Vigo,Certain glycol ethers,0.0,0.0
Vigo,Chromium,0.366,183.211
Vigo,Ethylbenzene,0.0,0.0
Vigo,"Hydrochloric acid (acid aerosols including mists, vapors, gas, fog, and other airborne forms of any particle size)",0.0,596.0
Vigo,Lead,0.0,5148.89
Vigo,Lead  And Lead Compounds,0.0,0.052000000000000005
Vigo,Manganese,0.0,674.93
Vigo,Manganese compounds,0.0,0.0
Vigo,Methanol,0.0,255.87
Vigo,Nickel,1.9,65.045
Vigo,Nitrate compounds (water dissociable; reportable only when in aqueous solution),133596.0,0.0
Vigo,Nitric acid,0.0,93.9
Vigo,Toluene,0.0,0.0
Vigo,Xylene (mixed isomers),0.0,0.0
Vigo,Zinc compounds,14.4,49.8
Vigo,n-Hexane,0.0,0.0
Wabash,Ammonia,0.0,24868.0
Wabash,Copper,0.0,276.87
Wabash,Diisocyanates,0.0,2.0
Wabash,Lead,0.0,709.9649999999999
Wabash,Lead  And Lead Compounds,2.8,7700.3
Wabash,Lead compounds,49.0,99.0
Wabash,Manganese,0.0,0.0
Wabash,Manganese compounds,0.0,0.0
Wabash,Methanol,0.0,1670.0
Wabash,Toluene,0.0,0.0
Wabash,Zinc compounds,465.4,121488.4
Wabash,n-Hexane,0.0,3239.0
Warrick,"1,2,4-Trimethylbenzene",0.0,2400.0
Warrick,Ammonia,0.0,262.0
Warrick,Certain glycol ethers,0.0,9900.0
Warrick,Ethylbenzene,0.0,2300.0
Warrick,Ethylene glycol,0.0,3100.0
Warrick,"Hydrochloric acid (acid aerosols including mists, vapors, gas, fog, and other airborne forms of any particle size)",0.0,134999.0
Warrick,Lead compounds,0.0,44364.9
Warrick,Manganese compounds,0.0,162175.84
Warrick,Naphthalene,0.0,890.0
Warrick,Polycyclic aromatic compounds,0.0,341.61
Warrick,Toluene,0.0,6300.0
Warrick,Xylene (mixed isomers),0.0,14416.0
Warrick,Zinc compounds,0.0,90720.0
Washington,Chromium,0.0,5.0
Washington,Copper,0.0,1475.0
Washington,Lead,0.0,10.0
Washington,Manganese,0.0,0.0
Washington,Nickel,0.0,5.0
Washington,Zinc compounds,0.0,801.0
Wayne,"1,2,4-Trimethylbenzene",0.0,430.0
Wayne,Ammonia,0.0,97728.0
Wayne,Certain glycol ethers,0.0,550.0
Wayne,Chromium,0.0,114.02
Wayne,Copper,0.0,390.71999999999997
Wayne,Lead,0.0,3.24
Wayne,Lead  And Lead Compounds,8.03,442.712
Wayne,Manganese,0.0,717.3
Wayne,Manganese compounds,0.0,0.0
Wayne,Nickel,0.0,11.43
Wayne,Nitrate compounds (water dissociable; reportable only when in aqueous solution),80134.0,0.0
Wayne,Nitric acid,0.0,0.0
Wayne,Xylene (mixed isomers),0.0,156.0
Wayne,Zinc compounds,52.87,8495.84
Wells,Chromium,0.26,11.03
Wells,Copper,0.26,19.26
Wells,"Hydrochloric acid (acid aerosols including mists, vapors, gas, fog, and other airborne forms of any particle size)",0.0,21156.0
Wells,Lead,0.26,4.57
Wells,Lead compounds,0.0,0.0
Wells,Manganese,0.26,10.26
Wells,Manganese compounds,0.0,0.0
Wells,Methanol,0.0,809.0
Wells,Nickel,0.0,0.0
Wells,Toluene,0.0,19.0
Wells,Zinc compounds,0.0,0.0
Wells,n-Hexane,0.0,6330.0
White,Certain glycol ethers,0.0,102584.2
White,Chromium,4.1,4.1
White,Lead,3.95,3.97
White,Manganese,0.0,0.0
Whitley,Certain glycol ethers,0.0,1.0
Whitley,Chromium,5.31,7.803
Whitley,Copper,1.93,16.93
Whitley,Diisocyanates,0.0,0.0
Whitley,Ethylbenzene,0.0,19.0
Whitley,Lead,0.252,0.252
Whitley,Lead compounds,7.0,736.091
Whitley,Manganese,0.0,26.0
Whitley,Manganese compounds,0.0,4257.0
Whitley,Nickel,10.023,10.025
Whitley,Toluene,0.0,1333.0
Whitley,Xylene (mixed isomers),0.0,49.0
Whitley,Zinc compounds,122.1,25845.101000000002
